Metric,Value,Percentage
Precision,0.9634679947660775,96.3%
Recall,0.8979395507695662,89.8%
mAP@0.5,0.9317842292365712,93.2%
mAP@0.5:0.95,0.7916203722709071,79.2%
